<ImportExportXml xmlns:xsi="http://www.w3.org/2001/XMLSchema-instance" OrganizationVersion="9.2.24113.204" OrganizationSchemaType="Standard" CRMServerServiceabilityVersion="9.2.24113.00204">
  <Entities></Entities>
  <Roles></Roles>
  <Workflows>
    <Workflow WorkflowId="{d39e0626-0e34-44de-b326-c5f0c9260aee}" Name="install-software">
      <JsonFileName>/Workflows/install-software-D39E0626-0E34-44DE-B326-C5F0C9260AEE.json</JsonFileName>
      <Type>1</Type>
      <Subprocess>0</Subprocess>
      <Category>6</Category>
      <Mode>0</Mode>
      <Scope>4</Scope>
      <OnDemand>0</OnDemand>
      <TriggerOnCreate>0</TriggerOnCreate>
      <TriggerOnDelete>0</TriggerOnDelete>
      <AsyncAutodelete>0</AsyncAutodelete>
      <SyncWorkflowLogOnFailure>0</SyncWorkflowLogOnFailure>
      <StateCode>1</StateCode>
      <StatusCode>2</StatusCode>
      <RunAs>1</RunAs>
      <IsTransacted>1</IsTransacted>
      <IntroducedVersion>1.0</IntroducedVersion>
      <IsCustomizable>1</IsCustomizable>
      <BusinessProcessType>0</BusinessProcessType>
      <UIFlowType>2</UIFlowType>
      <IsCustomProcessingStepAllowedForOtherPublishers>1</IsCustomProcessingStepAllowedForOtherPublishers>
      <Metadata>{"clientversion":"2.51.00233.24350","isvalid":true,"$schema":"https://schema.management.azure.com/providers/Microsoft.Logic/schemas/2016-06-01/workflowdefinition.json#","schemaVersion":"ROBIN_20211012","containsActiveConnections":false,"containsGptPredictActions":false,"containsActiveCopilotActions":false,"containsActiveWorkQueuesActions":false,"containsActiveLogMessageActions":false,"containsActiveCredentialsActions":false,"multipleRequestsState":0,"scriptType":0,"disableScreenshotCaptureOnError":false,"missingUiElementRepairType":null,"flowTimeout":null}</Metadata>
      <Inputs>{"schema":null}</Inputs>
      <Outputs>{"schema":null}</Outputs>
      <Dependencies>{"childFlows":[],"workQueues":[],"environmentVariables":[],"requiredBinaries":["c5bf388c-616d-4fb9-8cbc-f05e640f2c5b","45c78ded-8f85-49aa-87e9-97c900c657b9","8b399afd-191e-435f-a358-ef8314040db3","5794965b-5628-4b56-864b-9c541c0045bf"]}</Dependencies>
      <ConnectionReferences>[]</ConnectionReferences>
      <Definition>"@@ConnectionString: ''\r\n@@Type: 'Local'\r\n@@DesktopType: 'local'\r\n@@DisplayName: 'Local computer'\r\nIMPORT 'controlRepo.appmask' AS appmask\r\nIMPORT 'imageRepo.imgrepo' AS imgrepo\r\n@SENSITIVE: []\r\n# The below section is for installing Chrome\r\nWebAutomation.LaunchEdge.LaunchEdge Url: $'''https://www.google.com/intl/en_uk/chrome/''' WindowState: WebAutomation.BrowserWindowState.Normal ClearCache: False ClearCookies: False WaitForPageToLoadTimeout: 60 Timeout: 60 PiPUserDataFolderMode: WebAutomation.PiPUserDataFolderModeEnum.AutomaticProfile TargetDesktop: $'''{\\\"DisplayName\\\":\\\"Local computer\\\",\\\"Route\\\":{\\\"ServerType\\\":\\\"Local\\\",\\\"ServerAddress\\\":\\\"\\\"},\\\"DesktopType\\\":\\\"local\\\"}''' BrowserInstance=&gt; Browser\r\nWebAutomation.Click.Click BrowserInstance: Browser Control: appmask['Web Page \\'https://www.google.com/intl/en/chrome/\\'']['Span \\'Download Chrome\\''] ClickType: WebAutomation.ClickType.LeftClick MouseClick: True WaitForPageToLoadTimeout: 60 MousePositionRelativeToElement: WebAutomation.RectangleEdgePoint.MiddleCenter OffsetX: 0 OffsetY: 0\r\nSystem.RunApplication.RunApplication ApplicationPath: $'''C:\\\\Users\\\\vmadmin\\\\Downloads\\\\ChromeSetup.exe''' CommandLineArguments: $'''C:\\\\Users\\\\vmadmin\\\\Downloads\\\\ChromeSetup.exe /silent /install''' WindowStyle: System.ProcessWindowStyle.Normal ProcessId=&gt; AppProcessId\r\nWAIT 5\r\n# The below section is for installing Vscode\r\nWebAutomation.LaunchEdge.LaunchEdge Url: $'''https://code.visualstudio.com/download''' WindowState: WebAutomation.BrowserWindowState.Normal ClearCache: False ClearCookies: False WaitForPageToLoadTimeout: 60 Timeout: 60 PiPUserDataFolderMode: WebAutomation.PiPUserDataFolderModeEnum.AutomaticProfile TargetDesktop: $'''{\\\"DisplayName\\\":\\\"Local computer\\\",\\\"Route\\\":{\\\"ServerType\\\":\\\"Local\\\",\\\"ServerAddress\\\":\\\"\\\"},\\\"DesktopType\\\":\\\"local\\\"}''' BrowserInstance=&gt; Browser\r\nWebAutomation.Click.Click BrowserInstance: Browser Control: appmask['Web Page \\'https://code.visualstudio.com/download\\'']['Button \\'Windows download\\''] ClickType: WebAutomation.ClickType.LeftClick MouseClick: True WaitForPageToLoadTimeout: 60 MousePositionRelativeToElement: WebAutomation.RectangleEdgePoint.MiddleCenter OffsetX: 0 OffsetY: 0\r\nWAIT 5\r\nSystem.RunApplication.RunApplication ApplicationPath: $'''C:\\\\Users\\\\vmadmin\\\\Downloads\\\\VSCodeUserSetup-x64-1.96.2.exe''' CommandLineArguments: $'''C:\\\\Downloads\\\\VSCodeSetup.exe /VERYSILENT /NORESTART /MERGETASKS=!runcode''' WindowStyle: System.ProcessWindowStyle.Normal ProcessId=&gt; AppProcessId\r\nWAIT 5\r\n# The below section is for installing Notepad++\r\nWebAutomation.LaunchEdge.LaunchEdge Url: $'''https://notepad-plus-plus.org/downloads/v8.7.4/''' WindowState: WebAutomation.BrowserWindowState.Normal ClearCache: False ClearCookies: False WaitForPageToLoadTimeout: 60 Timeout: 60 PiPUserDataFolderMode: WebAutomation.PiPUserDataFolderModeEnum.AutomaticProfile TargetDesktop: $'''{\\\"DisplayName\\\":\\\"Local computer\\\",\\\"Route\\\":{\\\"ServerType\\\":\\\"Local\\\",\\\"ServerAddress\\\":\\\"\\\"},\\\"DesktopType\\\":\\\"local\\\"}''' BrowserInstance=&gt; Browser\r\nWebAutomation.Click.Click BrowserInstance: Browser Control: appmask['Web Page \\'https://notepad-plus-plus.org/downloads/v8.7.4/\\'']['Image'] ClickType: WebAutomation.ClickType.LeftClick MouseClick: True WaitForPageToLoadTimeout: 60 MousePositionRelativeToElement: WebAutomation.RectangleEdgePoint.MiddleCenter OffsetX: 0 OffsetY: 0\r\nSystem.RunApplication.RunApplication ApplicationPath: $'''C:\\\\Users\\\\vmadmin\\\\Downloads\\\\npp.8.7.4.Installer.x64.exe''' CommandLineArguments: $'''C:\\\\Users\\\\vmadmin\\\\Downloads\\\\npp.8.7.4.Installer.x64.exe /S''' WindowStyle: System.ProcessWindowStyle.Normal ProcessId=&gt; AppProcessId\r\n"</Definition>
      <SchemaVersion>2022.07</SchemaVersion>
      <DesktopFlowModules>[]</DesktopFlowModules>
      <PrimaryEntity>none</PrimaryEntity>
      <LocalizedNames>
        <LocalizedName languagecode="1033" description="install-software" />
      </LocalizedNames>
    </Workflow>
  </Workflows>
  <FieldSecurityProfiles></FieldSecurityProfiles>
  <Templates />
  <EntityMaps />
  <EntityRelationships />
  <OrganizationSettings />
  <optionsets />
  <CustomControls />
  <EntityDataProviders />
  <Languages>
    <Language>1033</Language>
  </Languages>
</ImportExportXml>