{
  "Screens": [
    {
      "Controls": [
        {
          "AutomationProtocol": "uia3",
          "ScreenShot": null,
          "ElementTypeName": "Span",
          "InstanceId": "b72b94cc-5a71-455e-8024-8dbf3ae90d20",
          "Name": "Span 'Download Chrome'",
          "SelectorCount": 1,
          "Selectors": [
            {
              "CustomSelector": null,
              "Elements": [
                {
                  "Attributes": [
                    {
                      "Ignore": true,
                      "IsOrdinal": false,
                      "Name": "Class",
                      "Operation": "EqualTo",
                      "Value": "l10n no-mobile header--visible"
                    },
                    {
                      "Ignore": true,
                      "IsOrdinal": false,
                      "Name": "Id",
                      "Operation": "EqualTo",
                      "Value": null
                    },
                    {
                      "Ignore": true,
                      "IsOrdinal": true,
                      "Name": "Ordinal",
                      "Operation": "EqualTo",
                      "Value": 0
                    },
                    {
                      "Ignore": true,
                      "IsOrdinal": false,
                      "Name": "Title",
                      "Operation": "EqualTo",
                      "Value": null
                    }
                  ],
                  "CustomValue": null,
                  "Ignore": true,
                  "Name": "Body '<iframe src=\"https://www.googletagmanager. ... , \"https://www.wikidata.org/wiki/Q777\" ] }'",
                  "Tag": "body"
                },
                {
                  "Attributes": [
                    {
                      "Ignore": true,
                      "IsOrdinal": false,
                      "Name": "Class",
                      "Operation": "EqualTo",
                      "Value": "chr-main "
                    },
                    {
                      "Ignore": false,
                      "IsOrdinal": false,
                      "Name": "Id",
                      "Operation": "EqualTo",
                      "Value": "jump-content"
                    },
                    {
                      "Ignore": true,
                      "IsOrdinal": true,
                      "Name": "Ordinal",
                      "Operation": "EqualTo",
                      "Value": 0
                    },
                    {
                      "Ignore": true,
                      "IsOrdinal": false,
                      "Name": "Title",
                      "Operation": "EqualTo",
                      "Value": null
                    }
                  ],
                  "CustomValue": null,
                  "Ignore": true,
                  "Name": "Div 'Fast AI Safe Yours By Google Download Explore Fast  ...  Chrome Download Chrome Get Chrome for your phone'",
                  "Tag": "div"
                },
                {
                  "Attributes": [
                    {
                      "Ignore": true,
                      "IsOrdinal": false,
                      "Name": "Class",
                      "Operation": "EqualTo",
                      "Value": "chr-section js-section "
                    },
                    {
                      "Ignore": false,
                      "IsOrdinal": false,
                      "Name": "Id",
                      "Operation": "EqualTo",
                      "Value": "hero"
                    },
                    {
                      "Ignore": true,
                      "IsOrdinal": true,
                      "Name": "Ordinal",
                      "Operation": "EqualTo",
                      "Value": 0
                    },
                    {
                      "Ignore": true,
                      "IsOrdinal": false,
                      "Name": "Title",
                      "Operation": "EqualTo",
                      "Value": null
                    }
                  ],
                  "CustomValue": null,
                  "Ignore": true,
                  "Name": "Section 'The browser built to be f a s t s a f e y o u r s  ...  Additional Terms of Service Scroll for more'",
                  "Tag": "section"
                },
                {
                  "Attributes": [
                    {
                      "Ignore": true,
                      "IsOrdinal": false,
                      "Name": "Class",
                      "Operation": "EqualTo",
                      "Value": "chr-non-chrome-hero"
                    },
                    {
                      "Ignore": true,
                      "IsOrdinal": false,
                      "Name": "Id",
                      "Operation": "EqualTo",
                      "Value": null
                    },
                    {
                      "Ignore": true,
                      "IsOrdinal": true,
                      "Name": "Ordinal",
                      "Operation": "EqualTo",
                      "Value": 0
                    },
                    {
                      "Ignore": true,
                      "IsOrdinal": false,
                      "Name": "Title",
                      "Operation": "EqualTo",
                      "Value": null
                    }
                  ],
                  "CustomValue": null,
                  "Ignore": true,
                  "Name": "Div 'The browser built to be f a s t s a f e y o u r s  ...  Additional Terms of Service Scroll for more'",
                  "Tag": "div"
                },
                {
                  "Attributes": [
                    {
                      "Ignore": true,
                      "IsOrdinal": false,
                      "Name": "Class",
                      "Operation": "EqualTo",
                      "Value": "chr-grid-default-parent chr-non-chrome-hero__parent"
                    },
                    {
                      "Ignore": true,
                      "IsOrdinal": false,
                      "Name": "Id",
                      "Operation": "EqualTo",
                      "Value": null
                    },
                    {
                      "Ignore": true,
                      "IsOrdinal": true,
                      "Name": "Ordinal",
                      "Operation": "EqualTo",
                      "Value": 0
                    },
                    {
                      "Ignore": true,
                      "IsOrdinal": false,
                      "Name": "Title",
                      "Operation": "EqualTo",
                      "Value": null
                    }
                  ],
                  "CustomValue": null,
                  "Ignore": true,
                  "Name": "Div 'The browser built to be f a s t s a f e y o u r s  ...  Additional Terms of Service Scroll for more'",
                  "Tag": "div"
                },
                {
                  "Attributes": [
                    {
                      "Ignore": true,
                      "IsOrdinal": false,
                      "Name": "Class",
                      "Operation": "EqualTo",
                      "Value": "chr-grid-default chr-non-chrome-hero__wrapper"
                    },
                    {
                      "Ignore": true,
                      "IsOrdinal": false,
                      "Name": "Id",
                      "Operation": "EqualTo",
                      "Value": null
                    },
                    {
                      "Ignore": true,
                      "IsOrdinal": true,
                      "Name": "Ordinal",
                      "Operation": "EqualTo",
                      "Value": 0
                    },
                    {
                      "Ignore": true,
                      "IsOrdinal": false,
                      "Name": "Title",
                      "Operation": "EqualTo",
                      "Value": null
                    }
                  ],
                  "CustomValue": null,
                  "Ignore": true,
                  "Name": "Div 'The browser built to be f a s t s a f e y o u r s  ...  Additional Terms of Service Scroll for more'",
                  "Tag": "div"
                },
                {
                  "Attributes": [
                    {
                      "Ignore": true,
                      "IsOrdinal": false,
                      "Name": "Class",
                      "Operation": "EqualTo",
                      "Value": "chr-non-chrome-hero__download"
                    },
                    {
                      "Ignore": true,
                      "IsOrdinal": false,
                      "Name": "Id",
                      "Operation": "EqualTo",
                      "Value": null
                    },
                    {
                      "Ignore": true,
                      "IsOrdinal": true,
                      "Name": "Ordinal",
                      "Operation": "EqualTo",
                      "Value": 0
                    },
                    {
                      "Ignore": true,
                      "IsOrdinal": false,
                      "Name": "Title",
                      "Operation": "EqualTo",
                      "Value": null
                    }
                  ],
                  "CustomValue": null,
                  "Ignore": true,
                  "Name": "Div 'Get Chrome Download Chrome For Windows 10 32-bit I  ...  and Chrome and ChromeOS Additional Terms of Service'",
                  "Tag": "div"
                },
                {
                  "Attributes": [
                    {
                      "Ignore": true,
                      "IsOrdinal": false,
                      "Name": "Class",
                      "Operation": "EqualTo",
                      "Value": "chr-simplified-download-wrapper"
                    },
                    {
                      "Ignore": true,
                      "IsOrdinal": false,
                      "Name": "Id",
                      "Operation": "EqualTo",
                      "Value": null
                    },
                    {
                      "Ignore": true,
                      "IsOrdinal": true,
                      "Name": "Ordinal",
                      "Operation": "EqualTo",
                      "Value": 0
                    },
                    {
                      "Ignore": true,
                      "IsOrdinal": false,
                      "Name": "Title",
                      "Operation": "EqualTo",
                      "Value": null
                    }
                  ],
                  "CustomValue": null,
                  "Ignore": true,
                  "Name": "Div 'Get Chrome Download Chrome For Windows 10 32-bit I  ...  and Chrome and ChromeOS Additional Terms of Service'",
                  "Tag": "div"
                },
                {
                  "Attributes": [
                    {
                      "Ignore": true,
                      "IsOrdinal": false,
                      "Name": "Class",
                      "Operation": "EqualTo",
                      "Value": "chr-download-button chr-download-button--hero js-download home-download-hero show"
                    },
                    {
                      "Ignore": true,
                      "IsOrdinal": false,
                      "Name": "Disabled",
                      "Operation": "EqualTo",
                      "Value": "false"
                    },
                    {
                      "Ignore": false,
                      "IsOrdinal": false,
                      "Name": "Id",
                      "Operation": "EqualTo",
                      "Value": "js-download-hero"
                    },
                    {
                      "Ignore": true,
                      "IsOrdinal": false,
                      "Name": "Name",
                      "Operation": "EqualTo",
                      "Value": null
                    },
                    {
                      "Ignore": true,
                      "IsOrdinal": true,
                      "Name": "Ordinal",
                      "Operation": "EqualTo",
                      "Value": 0
                    },
                    {
                      "Ignore": true,
                      "IsOrdinal": false,
                      "Name": "Title",
                      "Operation": "EqualTo",
                      "Value": null
                    },
                    {
                      "Ignore": true,
                      "IsOrdinal": false,
                      "Name": "Type",
                      "Operation": "EqualTo",
                      "Value": "button"
                    }
                  ],
                  "CustomValue": null,
                  "Ignore": false,
                  "Name": "Button 'Get Chrome Download Chrome'",
                  "Tag": "button"
                },
                {
                  "Attributes": [
                    {
                      "Ignore": true,
                      "IsOrdinal": false,
                      "Name": "Class",
                      "Operation": "EqualTo",
                      "Value": null
                    },
                    {
                      "Ignore": true,
                      "IsOrdinal": false,
                      "Name": "Id",
                      "Operation": "EqualTo",
                      "Value": null
                    },
                    {
                      "Ignore": true,
                      "IsOrdinal": true,
                      "Name": "Ordinal",
                      "Operation": "EqualTo",
                      "Value": 0
                    },
                    {
                      "Ignore": true,
                      "IsOrdinal": false,
                      "Name": "Title",
                      "Operation": "EqualTo",
                      "Value": null
                    },
                    {
                      "Ignore": false,
                      "IsOrdinal": false,
                      "Name": "Text",
                      "Operation": "EqualTo",
                      "Value": "Download Chrome"
                    }
                  ],
                  "CustomValue": null,
                  "Ignore": false,
                  "Name": "Span 'Download Chrome'",
                  "Tag": "span"
                }
              ],
              "Ignore": false,
              "ImageSelector": null,
              "IsCustom": false,
              "IsImageBased": false,
              "IsWindowsInstance": false,
              "Name": "Default Selector",
              "Properties": []
            }
          ],
          "Tag": "span",
          "ScreenshotPath": "controlRepo-screenshots\\a233c2d5-335b-48b6-b796-510e803d025d.png"
        }
      ],
      "Handle": {
        "value": 0
      },
      "ProcessName": null,
      "ScreenShot": null,
      "ElementTypeName": "Web Page",
      "InstanceId": "18627fe0-fb37-4ca0-ba25-6cffb32ae508",
      "Name": "Web Page 'https://www.google.com/intl/en/chrome/'",
      "SelectorCount": 1,
      "Selectors": [
        {
          "CustomSelector": null,
          "Elements": [
            {
              "Attributes": [],
              "CustomValue": "domcontainer",
              "Ignore": false,
              "Name": "Web Page 'https://www.google.com/intl/en/chrome/'",
              "Tag": "domcontainer"
            }
          ],
          "Ignore": false,
          "ImageSelector": null,
          "IsCustom": false,
          "IsImageBased": false,
          "IsWindowsInstance": false,
          "Name": "Default Selector",
          "Properties": []
        }
      ],
      "Tag": "domcontainer",
      "ScreenshotPath": "controlRepo-screenshots\\a16df462-59b8-48dd-9d9d-36ef0c094d7d.png"
    },
    {
      "Controls": [
        {
          "AutomationProtocol": "uia3",
          "ScreenShot": null,
          "ElementTypeName": "Button",
          "InstanceId": "91907675-2868-46da-99f5-cc6650fb4cb8",
          "Name": "Button 'Windows download'",
          "SelectorCount": 1,
          "Selectors": [
            {
              "CustomSelector": null,
              "Elements": [
                {
                  "Attributes": [
                    {
                      "Ignore": true,
                      "IsOrdinal": false,
                      "Name": "Class",
                      "Operation": "EqualTo",
                      "Value": "win"
                    },
                    {
                      "Ignore": true,
                      "IsOrdinal": false,
                      "Name": "Id",
                      "Operation": "EqualTo",
                      "Value": null
                    },
                    {
                      "Ignore": true,
                      "IsOrdinal": true,
                      "Name": "Ordinal",
                      "Operation": "EqualTo",
                      "Value": 0
                    },
                    {
                      "Ignore": true,
                      "IsOrdinal": false,
                      "Name": "Title",
                      "Operation": "EqualTo",
                      "Value": null
                    }
                  ],
                  "CustomValue": null,
                  "Ignore": true,
                  "Name": "Body 'function setTheme(themeName) { if (themeName ===  ...  \"https://github.com/microsoft/vscode\" ] }'",
                  "Tag": "body"
                },
                {
                  "Attributes": [
                    {
                      "Ignore": true,
                      "IsOrdinal": false,
                      "Name": "Class",
                      "Operation": "EqualTo",
                      "Value": null
                    },
                    {
                      "Ignore": false,
                      "IsOrdinal": false,
                      "Name": "Id",
                      "Operation": "EqualTo",
                      "Value": "main"
                    },
                    {
                      "Ignore": true,
                      "IsOrdinal": true,
                      "Name": "Ordinal",
                      "Operation": "EqualTo",
                      "Value": 0
                    },
                    {
                      "Ignore": true,
                      "IsOrdinal": false,
                      "Name": "Title",
                      "Operation": "EqualTo",
                      "Value": null
                    }
                  ],
                  "CustomValue": null,
                  "Ignore": true,
                  "Name": "Div 'Visual Studio Code Docs Updates Blog API Extensions  ...  files. Get previous versions See SHA-256 Hashes'",
                  "Tag": "div"
                },
                {
                  "Attributes": [
                    {
                      "Ignore": true,
                      "IsOrdinal": false,
                      "Name": "Class",
                      "Operation": "EqualTo",
                      "Value": null
                    },
                    {
                      "Ignore": false,
                      "IsOrdinal": false,
                      "Name": "Id",
                      "Operation": "EqualTo",
                      "Value": "main-content"
                    },
                    {
                      "Ignore": true,
                      "IsOrdinal": true,
                      "Name": "Ordinal",
                      "Operation": "EqualTo",
                      "Value": 0
                    },
                    {
                      "Ignore": true,
                      "IsOrdinal": false,
                      "Name": "Title",
                      "Operation": "EqualTo",
                      "Value": null
                    }
                  ],
                  "CustomValue": null,
                  "Ignore": true,
                  "Name": "Div 'Download Visual Studio Code Free and built on open  ...  files. Get previous versions See SHA-256 Hashes'",
                  "Tag": "div"
                },
                {
                  "Attributes": [
                    {
                      "Ignore": true,
                      "IsOrdinal": false,
                      "Name": "Class",
                      "Operation": "EqualTo",
                      "Value": "body-content downloads"
                    },
                    {
                      "Ignore": true,
                      "IsOrdinal": false,
                      "Name": "Id",
                      "Operation": "EqualTo",
                      "Value": null
                    },
                    {
                      "Ignore": true,
                      "IsOrdinal": true,
                      "Name": "Ordinal",
                      "Operation": "EqualTo",
                      "Value": 0
                    },
                    {
                      "Ignore": true,
                      "IsOrdinal": false,
                      "Name": "Title",
                      "Operation": "EqualTo",
                      "Value": null
                    }
                  ],
                  "CustomValue": null,
                  "Ignore": true,
                  "Name": "Div 'Download Visual Studio Code Free and built on open  ...  files. Get previous versions See SHA-256 Hashes'",
                  "Tag": "div"
                },
                {
                  "Attributes": [
                    {
                      "Ignore": true,
                      "IsOrdinal": false,
                      "Name": "Class",
                      "Operation": "EqualTo",
                      "Value": "swimlane alt-downloads download-buttons win"
                    },
                    {
                      "Ignore": false,
                      "IsOrdinal": false,
                      "Name": "Id",
                      "Operation": "EqualTo",
                      "Value": "alt-downloads"
                    },
                    {
                      "Ignore": true,
                      "IsOrdinal": true,
                      "Name": "Ordinal",
                      "Operation": "EqualTo",
                      "Value": 0
                    },
                    {
                      "Ignore": true,
                      "IsOrdinal": false,
                      "Name": "Title",
                      "Operation": "EqualTo",
                      "Value": null
                    }
                  ],
                  "CustomValue": null,
                  "Ignore": true,
                  "Name": "Div 'Windows Windows 10, 11 User Installer x64 Arm64  ...  silicon Universal CLI Intel chip Apple silicon'",
                  "Tag": "div"
                },
                {
                  "Attributes": [
                    {
                      "Ignore": true,
                      "IsOrdinal": false,
                      "Name": "Class",
                      "Operation": "EqualTo",
                      "Value": "buttons"
                    },
                    {
                      "Ignore": true,
                      "IsOrdinal": false,
                      "Name": "Id",
                      "Operation": "EqualTo",
                      "Value": null
                    },
                    {
                      "Ignore": true,
                      "IsOrdinal": true,
                      "Name": "Ordinal",
                      "Operation": "EqualTo",
                      "Value": 0
                    },
                    {
                      "Ignore": true,
                      "IsOrdinal": false,
                      "Name": "Title",
                      "Operation": "EqualTo",
                      "Value": null
                    }
                  ],
                  "CustomValue": null,
                  "Ignore": true,
                  "Name": "Div 'Windows Windows 10, 11 User Installer x64 Arm64  ...  silicon Universal CLI Intel chip Apple silicon'",
                  "Tag": "div"
                },
                {
                  "Attributes": [
                    {
                      "Ignore": true,
                      "IsOrdinal": false,
                      "Name": "Class",
                      "Operation": "EqualTo",
                      "Value": "download"
                    },
                    {
                      "Ignore": true,
                      "IsOrdinal": false,
                      "Name": "Id",
                      "Operation": "EqualTo",
                      "Value": null
                    },
                    {
                      "Ignore": true,
                      "IsOrdinal": true,
                      "Name": "Ordinal",
                      "Operation": "EqualTo",
                      "Value": 0
                    },
                    {
                      "Ignore": true,
                      "IsOrdinal": false,
                      "Name": "Title",
                      "Operation": "EqualTo",
                      "Value": null
                    }
                  ],
                  "CustomValue": null,
                  "Ignore": true,
                  "Name": "Div 'Windows Windows 10, 11 User Installer x64 Arm64 System Installer x64 Arm64 .zip x64 Arm64 CLI x64 Arm64'",
                  "Tag": "div"
                },
                {
                  "Attributes": [
                    {
                      "Ignore": true,
                      "IsOrdinal": false,
                      "Name": "Class",
                      "Operation": "EqualTo",
                      "Value": "link-button dlink"
                    },
                    {
                      "Ignore": true,
                      "IsOrdinal": false,
                      "Name": "Disabled",
                      "Operation": "EqualTo",
                      "Value": "false"
                    },
                    {
                      "Ignore": false,
                      "IsOrdinal": false,
                      "Name": "Id",
                      "Operation": "EqualTo",
                      "Value": "download-alt-win"
                    },
                    {
                      "Ignore": true,
                      "IsOrdinal": false,
                      "Name": "Name",
                      "Operation": "EqualTo",
                      "Value": null
                    },
                    {
                      "Ignore": true,
                      "IsOrdinal": true,
                      "Name": "Ordinal",
                      "Operation": "EqualTo",
                      "Value": 0
                    },
                    {
                      "Ignore": true,
                      "IsOrdinal": false,
                      "Name": "Title",
                      "Operation": "EqualTo",
                      "Value": null
                    },
                    {
                      "Ignore": true,
                      "IsOrdinal": false,
                      "Name": "Type",
                      "Operation": "EqualTo",
                      "Value": "submit"
                    }
                  ],
                  "CustomValue": null,
                  "Ignore": false,
                  "Name": "Button 'Windows download'",
                  "Tag": "button"
                }
              ],
              "Ignore": false,
              "ImageSelector": null,
              "IsCustom": false,
              "IsImageBased": false,
              "IsWindowsInstance": false,
              "Name": "Default Selector",
              "Properties": []
            }
          ],
          "Tag": "button",
          "ScreenshotPath": "controlRepo-screenshots\\de6ee088-ee65-4e34-bf69-3e6f7f5db1c9.png"
        }
      ],
      "Handle": {
        "value": 0
      },
      "ProcessName": null,
      "ScreenShot": null,
      "ElementTypeName": "Web Page",
      "InstanceId": "2a63516a-1795-4d5c-8c7e-496b2c32dfc1",
      "Name": "Web Page 'https://code.visualstudio.com/download'",
      "SelectorCount": 1,
      "Selectors": [
        {
          "CustomSelector": null,
          "Elements": [
            {
              "Attributes": [],
              "CustomValue": "domcontainer",
              "Ignore": false,
              "Name": "Web Page 'https://code.visualstudio.com/download'",
              "Tag": "domcontainer"
            }
          ],
          "Ignore": false,
          "ImageSelector": null,
          "IsCustom": false,
          "IsImageBased": false,
          "IsWindowsInstance": false,
          "Name": "Default Selector",
          "Properties": []
        }
      ],
      "Tag": "domcontainer",
      "ScreenshotPath": "controlRepo-screenshots\\42cd6ac8-b4f8-4c74-8244-aa8857330205.png"
    },
    {
      "Controls": [
        {
          "AutomationProtocol": "uia3",
          "ScreenShot": null,
          "ElementTypeName": "Image",
          "InstanceId": "ce4d4e33-b8da-42d4-a751-08fd6c136963",
          "Name": "Image",
          "SelectorCount": 1,
          "Selectors": [
            {
              "CustomSelector": null,
              "Elements": [
                {
                  "Attributes": [
                    {
                      "Ignore": true,
                      "IsOrdinal": false,
                      "Name": "Class",
                      "Operation": "EqualTo",
                      "Value": null
                    },
                    {
                      "Ignore": true,
                      "IsOrdinal": false,
                      "Name": "Id",
                      "Operation": "EqualTo",
                      "Value": null
                    },
                    {
                      "Ignore": true,
                      "IsOrdinal": true,
                      "Name": "Ordinal",
                      "Operation": "EqualTo",
                      "Value": 0
                    },
                    {
                      "Ignore": true,
                      "IsOrdinal": false,
                      "Name": "Title",
                      "Operation": "EqualTo",
                      "Value": null
                    }
                  ],
                  "CustomValue": null,
                  "Ignore": true,
                  "Name": "Body 'skip to content W3C SVG Current Version 8.7.4 Main  ... ic/26430/notepad-release-8-7-4 dark theme:'",
                  "Tag": "body"
                },
                {
                  "Attributes": [
                    {
                      "Ignore": true,
                      "IsOrdinal": false,
                      "Name": "Class",
                      "Operation": "EqualTo",
                      "Value": "wrapper"
                    },
                    {
                      "Ignore": true,
                      "IsOrdinal": false,
                      "Name": "Id",
                      "Operation": "EqualTo",
                      "Value": null
                    },
                    {
                      "Ignore": true,
                      "IsOrdinal": true,
                      "Name": "Ordinal",
                      "Operation": "EqualTo",
                      "Value": 0
                    },
                    {
                      "Ignore": true,
                      "IsOrdinal": false,
                      "Name": "Title",
                      "Operation": "EqualTo",
                      "Value": null
                    }
                  ],
                  "CustomValue": null,
                  "Ignore": true,
                  "Name": "Div 'Current Version 8.7.4 Main navigation Menu Home  ... ic/26430/notepad-release-8-7-4 dark theme:'",
                  "Tag": "div"
                },
                {
                  "Attributes": [
                    {
                      "Ignore": true,
                      "IsOrdinal": false,
                      "Name": "Class",
                      "Operation": "EqualTo",
                      "Value": "main-and-footer"
                    },
                    {
                      "Ignore": true,
                      "IsOrdinal": false,
                      "Name": "Id",
                      "Operation": "EqualTo",
                      "Value": null
                    },
                    {
                      "Ignore": true,
                      "IsOrdinal": true,
                      "Name": "Ordinal",
                      "Operation": "EqualTo",
                      "Value": 0
                    },
                    {
                      "Ignore": true,
                      "IsOrdinal": false,
                      "Name": "Title",
                      "Operation": "EqualTo",
                      "Value": null
                    }
                  ],
                  "CustomValue": null,
                  "Ignore": true,
                  "Name": "Div 'Download Notepad++ v8.7.4 // <![CDATA[ (adsbygoogle  ... ic/26430/notepad-release-8-7-4 dark theme:'",
                  "Tag": "div"
                },
                {
                  "Attributes": [
                    {
                      "Ignore": true,
                      "IsOrdinal": false,
                      "Name": "Class",
                      "Operation": "EqualTo",
                      "Value": null
                    },
                    {
                      "Ignore": true,
                      "IsOrdinal": false,
                      "Name": "Id",
                      "Operation": "EqualTo",
                      "Value": null
                    },
                    {
                      "Ignore": true,
                      "IsOrdinal": true,
                      "Name": "Ordinal",
                      "Operation": "EqualTo",
                      "Value": 0
                    },
                    {
                      "Ignore": true,
                      "IsOrdinal": false,
                      "Name": "Title",
                      "Operation": "EqualTo",
                      "Value": null
                    }
                  ],
                  "CustomValue": null,
                  "Ignore": true,
                  "Name": "Div 'Download Notepad++ v8.7.4 // <![CDATA[ (adsbygoogle  ... ic/26430/notepad-release-8-7-4 dark theme:'",
                  "Tag": "div"
                },
                {
                  "Attributes": [
                    {
                      "Ignore": true,
                      "IsOrdinal": false,
                      "Name": "Class",
                      "Operation": "EqualTo",
                      "Value": null
                    },
                    {
                      "Ignore": false,
                      "IsOrdinal": false,
                      "Name": "Id",
                      "Operation": "EqualTo",
                      "Value": "main"
                    },
                    {
                      "Ignore": true,
                      "IsOrdinal": true,
                      "Name": "Ordinal",
                      "Operation": "EqualTo",
                      "Value": 0
                    },
                    {
                      "Ignore": true,
                      "IsOrdinal": false,
                      "Name": "Title",
                      "Operation": "EqualTo",
                      "Value": null
                    }
                  ],
                  "CustomValue": null,
                  "Ignore": false,
                  "Name": "Main content 'Download Notepad++ v8.7.4 // <![CDATA[ (adsbygoogle  ... plus.org/topic/26430/notepad-release-8-7-4'",
                  "Tag": "main"
                },
                {
                  "Attributes": [
                    {
                      "Ignore": true,
                      "IsOrdinal": false,
                      "Name": "Class",
                      "Operation": "EqualTo",
                      "Value": null
                    },
                    {
                      "Ignore": true,
                      "IsOrdinal": false,
                      "Name": "Id",
                      "Operation": "EqualTo",
                      "Value": null
                    },
                    {
                      "Ignore": true,
                      "IsOrdinal": true,
                      "Name": "Ordinal",
                      "Operation": "EqualTo",
                      "Value": 0
                    },
                    {
                      "Ignore": true,
                      "IsOrdinal": false,
                      "Name": "Title",
                      "Operation": "EqualTo",
                      "Value": null
                    }
                  ],
                  "CustomValue": null,
                  "Ignore": false,
                  "Name": "Paragraph",
                  "Tag": "p"
                },
                {
                  "Attributes": [
                    {
                      "Ignore": true,
                      "IsOrdinal": false,
                      "Name": "Class",
                      "Operation": "EqualTo",
                      "Value": null
                    },
                    {
                      "Ignore": true,
                      "IsOrdinal": false,
                      "Name": "Href",
                      "Operation": "EqualTo",
                      "Value": "https://github.com/notepad-plus-plus/notepad-plus-plus/releases/download/v8.7.4/npp.8.7.4.Installer.x64.exe"
                    },
                    {
                      "Ignore": true,
                      "IsOrdinal": false,
                      "Name": "Id",
                      "Operation": "EqualTo",
                      "Value": null
                    },
                    {
                      "Ignore": true,
                      "IsOrdinal": true,
                      "Name": "Ordinal",
                      "Operation": "EqualTo",
                      "Value": 0
                    },
                    {
                      "Ignore": true,
                      "IsOrdinal": false,
                      "Name": "Title",
                      "Operation": "EqualTo",
                      "Value": null
                    }
                  ],
                  "CustomValue": null,
                  "Ignore": false,
                  "Name": "Anchor",
                  "Tag": "a"
                },
                {
                  "Attributes": [
                    {
                      "Ignore": true,
                      "IsOrdinal": false,
                      "Name": "Alt",
                      "Operation": "EqualTo",
                      "Value": null
                    },
                    {
                      "Ignore": true,
                      "IsOrdinal": false,
                      "Name": "Class",
                      "Operation": "EqualTo",
                      "Value": null
                    },
                    {
                      "Ignore": true,
                      "IsOrdinal": false,
                      "Name": "Id",
                      "Operation": "EqualTo",
                      "Value": null
                    },
                    {
                      "Ignore": true,
                      "IsOrdinal": true,
                      "Name": "Ordinal",
                      "Operation": "EqualTo",
                      "Value": 0
                    },
                    {
                      "Ignore": true,
                      "IsOrdinal": false,
                      "Name": "Src",
                      "Operation": "EqualTo",
                      "Value": "/downloads/images/folder_download_4.png"
                    },
                    {
                      "Ignore": true,
                      "IsOrdinal": false,
                      "Name": "Title",
                      "Operation": "EqualTo",
                      "Value": null
                    }
                  ],
                  "CustomValue": null,
                  "Ignore": false,
                  "Name": "Image",
                  "Tag": "img"
                }
              ],
              "Ignore": false,
              "ImageSelector": null,
              "IsCustom": false,
              "IsImageBased": false,
              "IsWindowsInstance": false,
              "Name": "Default Selector",
              "Properties": []
            }
          ],
          "Tag": "img",
          "ScreenshotPath": "controlRepo-screenshots\\c418b091-c29f-4c81-940c-fa885c28b991.png"
        }
      ],
      "Handle": {
        "value": 0
      },
      "ProcessName": null,
      "ScreenShot": null,
      "ElementTypeName": "Web Page",
      "InstanceId": "a0892b91-35c5-486e-9941-296bc4f7c338",
      "Name": "Web Page 'https://notepad-plus-plus.org/downloads/v8.7.4/'",
      "SelectorCount": 1,
      "Selectors": [
        {
          "CustomSelector": null,
          "Elements": [
            {
              "Attributes": [],
              "CustomValue": "domcontainer",
              "Ignore": false,
              "Name": "Web Page 'https://notepad-plus-plus.org/downloads/v8.7.4/'",
              "Tag": "domcontainer"
            }
          ],
          "Ignore": false,
          "ImageSelector": null,
          "IsCustom": false,
          "IsImageBased": false,
          "IsWindowsInstance": false,
          "Name": "Default Selector",
          "Properties": []
        }
      ],
      "Tag": "domcontainer",
      "ScreenshotPath": "controlRepo-screenshots\\8ab5136e-43d2-4a62-ab75-bb566e441d82.png"
    }
  ],
  "Version": 1
}