<desktopflowbinary desktopflowbinaryid="5794965b-5628-4b56-864b-9c541c0045bf">
  <data mimetype="application/json">DependenciesFile_afbab3b9-e31e-453f-8426-eb5211e00804.json</data>
  <iscustomizable>1</iscustomizable>
  <metadata>{}</metadata>
  <mimetype>application/json</mimetype>
  <name>Desktop flow dependencies file</name>
  <process>
    <workflowid>d39e0626-0e34-44de-b326-c5f0c9260aee</workflowid>
  </process>
  <reference>flow.dependencies</reference>
  <statecode>0</statecode>
  <statuscode>1</statuscode>
  <type>DependenciesFile</type>
</desktopflowbinary>