<desktopflowbinary desktopflowbinaryid="45c78ded-8f85-49aa-87e9-97c900c657b9">
  <data mimetype="application/json">ControlRepository_0fc77d81-d675-4dbe-a178-0acaf17f7ad5.json</data>
  <iscustomizable>1</iscustomizable>
  <metadata>{}</metadata>
  <mimetype>application/json</mimetype>
  <name>Desktop flow ui elements</name>
  <process>
    <workflowid>d39e0626-0e34-44de-b326-c5f0c9260aee</workflowid>
  </process>
  <reference>controlRepo.appmask</reference>
  <statecode>0</statecode>
  <statuscode>1</statuscode>
  <type>ControlRepository</type>
</desktopflowbinary>