<desktopflowbinary desktopflowbinaryid="8b399afd-191e-435f-a358-ef8314040db3">
  <data mimetype="application/json">ImageRepository_274ca648-7d94-4c70-8fa8-468f82588d5f.json</data>
  <iscustomizable>1</iscustomizable>
  <metadata>{}</metadata>
  <mimetype>application/json</mimetype>
  <name>Desktop flow images</name>
  <process>
    <workflowid>d39e0626-0e34-44de-b326-c5f0c9260aee</workflowid>
  </process>
  <reference>imageRepo.imgrepo</reference>
  <statecode>0</statecode>
  <statuscode>1</statuscode>
  <type>ImageRepository</type>
</desktopflowbinary>