<desktopflowbinary desktopflowbinaryid="c5bf388c-616d-4fb9-8cbc-f05e640f2c5b">
  <data mimetype="application/json">ManifestFile_c5bf388c-616d-4fb9-8cbc-f05e640f2c5b.json</data>
  <iscustomizable>1</iscustomizable>
  <metadata>{}</metadata>
  <mimetype>application/json</mimetype>
  <name>Desktop flow manifest file</name>
  <process>
    <workflowid>d39e0626-0e34-44de-b326-c5f0c9260aee</workflowid>
  </process>
  <reference>flow.manifest</reference>
  <statecode>0</statecode>
  <statuscode>1</statuscode>
  <type>ManifestFile</type>
</desktopflowbinary>